OBJECT_NAME,OBJECT_ID,EPOCH,MEAN_MOTION,ECCENTRICITY,INCLINATION,RA_OF_ASC_NODE,ARG_OF_PERICENTER,MEAN_ANOMALY,EPHEMERIS_TYPE,CLASSIFICATION_TYPE,NORAD_CAT_ID,ELEMENT_SET_NO,REV_AT_EPOCH,BSTAR,MEAN_MOTION_DOT,MEAN_MOTION_DDOT
KUIPER-00008,2025-088A,2026-06-16T06:17:20.452128,14.79932560,.0000593,51.9022,12.1214,103.9439,256.1589,0,U,63724,999,6264,.39301E-4,.79E-6,0
KUIPER-00009,2025-088B,2026-06-16T08:15:55.759968,14.79973984,.00008136,51.9038,29.3816,151.0020,209.0988,0,U,63725,999,6240,.12624167E-2,.9425E-4,0
KUIPER-00010,2025-088C,2026-06-15T19:53:04.351776,14.79926405,.00007356,51.9024,9.1358,108.5420,251.5622,0,U,63726,999,6226,-.30014829E-4,-.45E-5,0
KUIPER-00011,2025-088D,2026-06-15T20:30:03.083904,14.79924466,.00007429,51.9030,16.5766,103.3773,256.7272,0,U,63727,999,6229,-.41592339E-4,-.538E-5,0
KUIPER-00012,2025-088E,2026-06-16T05:48:09.701280,14.79930952,.0000699,51.9033,359.7948,106.8348,253.2691,0,U,63728,999,6251,.118E-3,.678E-5,0
KUIPER-00013,2025-088F,2026-06-16T07:23:33.903456,14.79926713,.00009633,51.9042,32.0191,101.9282,258.1788,0,U,63729,999,6217,.24269178E-4,-.36E-6,0
KUIPER-00014,2025-088G,2026-06-16T08:12:09.066240,14.79931176,.00008159,51.9043,31.8143,104.3203,255.7850,0,U,63730,999,6199,.18318854E-3,.1176E-4,0
KUIPER-00015,2025-088H,2026-06-16T08:45:15.735744,14.79930702,.00007741,51.9003,41.7812,100.5982,259.5067,0,U,63731,999,6231,.33487113E-4,.34E-6,0
KUIPER-00016,2025-088J,2026-06-16T08:08:23.185536,14.79801621,.00004218,51.9004,34.3440,156.3098,203.7884,0,U,63732,999,6195,.48180504E-3,.3443E-4,0
KUIPER-00018,2025-088K,2026-06-16T07:35:11.446080,14.79935333,.00006691,51.9045,24.4679,102.7024,257.4013,0,U,63733,999,6209,.16076754E-3,.1005E-4,0
KUIPER-00019,2025-088L,2026-06-15T20:52:54.330528,14.79935738,.00007551,51.9020,25.2055,109.0465,251.0579,0,U,63734,999,6204,.25855478E-4,-.24E-6,0
KUIPER-00020,2025-088M,2026-06-16T07:31:19.441344,14.79927527,.00010265,51.9030,26.9870,95.2618,264.8462,0,U,63735,999,6226,.22848492E-4,-.47E-6,0
KUIPER-00021,2025-088N,2026-06-16T08:19:54.744096,14.79933812,.00006938,51.9023,26.7963,106.4200,253.6839,0,U,63736,999,6210,.14419595E-3,.878E-5,0
KUIPER-00023,2025-088P,2026-06-16T07:27:23.109696,14.79952172,.00011217,51.9029,29.4474,105.2712,254.8374,0,U,63737,999,6236,.24108663E-3,.1618E-4,0
KUIPER-00024,2025-088Q,2026-06-16T07:46:51.975552,14.79927522,.00006497,51.9050,16.9796,99.3852,260.7184,0,U,63738,999,6266,.44729494E-4,.12E-5,0
KUIPER-00025,2025-088R,2026-06-15T21:02:58.310592,14.79974216,.00013665,51.9060,26.4362,99.8179,260.2938,0,U,63739,999,6235,.1942307E-3,.1261E-4,0
KUIPER-00027,2025-088S,2026-06-16T07:42:50.332032,14.79903309,.00007231,51.9028,19.4446,108.5205,251.5836,0,U,63740,999,6222,.21518355E-3,.1419E-4,0
KUIPER-00028,2025-088T,2026-06-16T06:58:13.273824,14.79930654,.00005528,51.9007,17.0363,113.4350,246.6671,0,U,63741,999,6266,.40469945E-4,.87E-6,0
KUIPER-00029,2025-088U,2026-06-16T06:23:38.878944,14.80000516,.0000482,51.9013,15.8184,72.8961,287.2054,0,U,63742,999,6220,-.48875E-3,-.3951E-4,0
KUIPER-00030,2025-088V,2026-06-15T21:36:07.540128,14.79917113,.0000706,51.9036,36.2690,103.7080,256.3961,0,U,63743,999,6217,.21182E-3,.1393E-4,0
KUIPER-00031,2025-088W,2026-06-16T06:38:08.839680,14.76402415,.0001695,51.9024,18.8172,102.2015,257.9136,0,U,63744,999,6216,-.46831E-3,-.3497E-4,0
KUIPER-00032,2025-088X,2026-06-16T13:52:41.222496,15.40208558,.00041758,51.8683,264.9589,111.7475,248.3957,0,U,63745,999,6477,.28279703E-3,.11159E-3,0
KUIPER-00033,2025-088Y,2026-06-16T09:22:13.963296,14.79938396,.00007683,51.9024,49.1261,100.4700,259.6349,0,U,63746,999,6223,.30264146E-3,.2087E-4,0
KUIPER-00034,2025-088Z,2026-06-16T07:05:59.683488,14.79930942,.00007213,51.9032,12.0743,107.1911,252.9131,0,U,63747,999,6242,.10195935E-3,.556E-5,0
KUIPER-00035,2025-088AA,2026-06-16T08:04:24.004416,14.79932452,.00006953,51.9024,36.8742,97.9977,262.1064,0,U,63748,999,6213,.10396387E-3,.571E-5,0
KUIPER-00037,2025-088AB,2026-06-16T07:54:12.517056,14.79929140,.0000665,51.9029,35.7607,96.2577,263.8462,0,U,63749,999,6293,.55201994E-4,.2E-5,0
KUIPER-00038,2025-088AC,2026-06-16T07:39:05.234112,14.79932405,.00006891,51.9025,21.9692,101.8668,258.2372,0,U,63750,999,6212,.11248437E-3,.636E-5,0
KUIPER-00039,2025-134A,2026-06-16T05:22:20.671968,14.79931352,.00004122,51.9008,157.3864,76.5492,283.5517,0,U,64500,999,5466,.26280184E-3,.1783E-4,0
KUIPER-00040,2025-134B,2026-06-16T07:32:40.049088,14.79922901,.00005062,51.8967,167.0753,26.5275,333.5713,0,U,64501,999,5453,.26178875E-3,.1775E-4,0
KUIPER-00041,2025-134C,2026-06-16T06:40:09.516288,14.79928948,.0000517,51.8996,169.6194,89.0149,271.0872,0,U,64502,999,5449,.26649E-5,-.201E-5,0
KUIPER-00042,2025-134D,2026-06-16T05:59:16.374048,14.79926919,.0000428,51.8975,164.7235,82.5295,277.5716,0,U,64503,999,5456,.22489E-3,.1493E-4,0
KUIPER-00043,2025-134E,2026-06-16T06:10:56.926848,14.79939842,.0000545,51.9008,157.1787,48.8690,311.2320,0,U,64504,999,5467,.26731E-3,.1818E-4,0
KUIPER-00044,2025-134F,2026-06-16T07:28:46.293888,14.79929116,.0000511,51.8982,169.4506,87.7765,272.3256,0,U,64505,999,5450,.27207E-3,.1853E-4,0
KUIPER-00046,2025-134G,2026-06-16T06:44:02.027328,14.79940242,.0000505,51.8972,167.0676,69.0430,291.0586,0,U,64506,999,5453,.27461E-3,.1873E-4,0
KUIPER-00047,2025-134H,2026-06-16T14:44:21.389280,14.79933084,.00007116,51.8985,138.1135,61.7848,298.3186,0,U,64507,999,5496,.32087044E-3,.2226E-4,0
KUIPER-00048,2025-134J,2026-06-16T04:12:14.882400,14.79956393,.00006083,51.8984,140.0678,70.0239,290.0789,0,U,64508,999,5490,.72774392E-3,.5334E-4,0
KUIPER-00049,2025-134K,2026-06-16T06:18:42.182208,14.79941300,.0000608,51.8985,152.1406,39.4571,320.6435,0,U,64509,999,5474,.30973E-3,.2141E-4,0
KUIPER-00050,2025-134L,2026-06-16T05:08:39.709536,14.79930897,.00006551,51.9004,134.8800,66.0872,294.0159,0,U,64510,999,5498,.36882137E-3,.2591E-4,0
KUIPER-00051,2025-134M,2026-06-16T05:44:12.329376,14.80103616,.0000855,51.8992,150.9404,76.8593,283.2465,0,U,64511,999,5475,.30637E-3,.2124E-4,0
KUIPER-00053,2025-134P,2026-06-16T05:25:29.347968,14.81703120,.00007597,51.9008,146.5918,179.3380,180.7585,0,U,64513,999,5481,.23931693E-3,.1679E-4,0
KUIPER-00054,2025-134Q,2026-06-16T05:45:38.317248,14.79930144,.0000837,51.8976,142.2621,43.1641,316.9387,0,U,64514,999,5487,.30651E-3,.2116E-4,0
KUIPER-00055,2025-134R,2026-06-16T12:39:46.264320,14.79934947,.00008957,51.9025,93.6144,92.0655,268.0410,0,U,64515,999,5558,.44553765E-3,.3177E-4,0
KUIPER-00056,2025-134S,2026-06-16T04:49:11.248032,14.79953909,.00007356,51.9023,147.5198,76.9832,283.1213,0,U,64516,999,5480,.27102382E-3,.1847E-4,0
KUIPER-00057,2025-134T,2026-06-16T06:14:49.475040,14.79936010,.0000603,51.8995,154.6952,72.3750,287.7278,0,U,64517,999,5470,.14538E-3,.887E-5,0
KUIPER-00058,2025-134U,2026-06-16T03:56:43.745280,14.79926068,.00006106,51.9004,150.0880,65.9166,294.1860,0,U,64518,999,5476,.64154585E-4,.268E-5,0
KUIPER-00059,2025-134V,2026-06-16T05:41:45.050208,14.79924200,.0000708,51.8989,144.8074,85.5282,274.5761,0,U,64519,999,5484,.11595E-3,.663E-5,0
KUIPER-00060,2025-134W,2026-06-16T04:53:08.455776,14.79935370,.00005941,51.9020,145.0130,77.8697,282.2332,0,U,64520,999,5482,.29694358E-3,.2043E-4,0
KUIPER-00061,2025-134X,2026-06-16T05:30:07.626816,14.79933480,.000062,51.9001,152.3562,51.9771,308.1247,0,U,64521,999,5472,.25198E-3,.17E-4,0
KUIPER-00062,2025-134Y,2026-06-16T05:26:11.349600,14.79924609,.00004905,51.8947,154.8545,80.0099,280.0919,0,U,64522,999,5470,.26883102E-3,.1828E-4,0
KUIPER-00063,2025-134Z,2026-06-16T06:51:49.176576,14.79927275,.0000506,51.9016,162.1314,83.2705,276.8314,0,U,64523,999,5460,.25483E-3,.1722E-4,0
KUIPER-00064,2025-134AA,2026-06-16T06:55:41.661696,14.79929967,.0000436,51.9007,159.5420,81.0018,279.0994,0,U,64524,999,5464,.22574E-3,.15E-4,0
KUIPER-00065,2025-134AB,2026-06-16T06:47:54.922848,14.79927917,.0000873,51.9023,164.7340,93.1030,267.0033,0,U,64525,999,5455,.72167E-4,.329E-5,0
KUIPER-00066,2025-134AC,2026-06-16T12:28:05.717568,14.79937473,.00006693,51.9013,100.9731,81.1518,278.9520,0,U,64526,999,5548,.31417701E-3,.2175E-4,0
KUIPER-00069,2025-151A,2026-06-16T09:00:13.640832,14.79932354,.00007323,51.9004,204.2521,102.0015,258.1030,0,U,64816,999,5137,.28376582E-3,.1943E-4,0
KUIPER-00070,2025-151B,2026-06-16T10:47:14.387712,14.79933291,.00005506,51.8985,228.8406,77.1025,282.9999,0,U,64817,999,5104,-.32147301E-3,-.2671E-4,0
KUIPER-00071,2025-151C,2026-06-16T10:51:26.301600,14.79878372,.00002257,51.9000,226.3659,87.5696,272.5292,0,U,64818,999,4989,.3064962E-3,.2113E-4,0
KUIPER-00072,2025-151D,2026-06-16T08:56:46.572864,14.79891035,.00005492,51.8967,206.6720,67.3508,292.7513,0,U,64819,999,5016,.28427927E-3,.1945E-4,0
KUIPER-00073,2025-151E,2026-06-16T10:02:35.397600,14.79929120,.00003289,51.8998,226.5000,53.1557,306.9436,0,U,64820,999,5107,-.24240681E-4,-.406E-5,0
KUIPER-00074,2025-151F,2026-06-16T14:00:01.000224,15.87484912,.00082835,51.8830,148.1813,32.8441,346.9546,0,U,64821,999,412,.19964244E-3,.53787E-3,0
KUIPER-00075,2025-151G,2026-06-16T12:58:13.912320,15.44616741,.00027596,51.8678,99.5893,281.7575,78.3105,0,U,64822,999,5166,.80657931E-3,.37939E-3,0
KUIPER-00076,2025-151H,2026-06-16T10:18:05.207616,14.79923701,.00003897,51.8994,216.4697,88.0516,272.0491,0,U,64823,999,5003,.30467376E-3,.2102E-4,0
KUIPER-00077,2025-151J,2026-06-16T08:33:01.569024,14.79911792,.00005961,51.9002,221.8093,91.2145,268.8885,0,U,64824,999,4995,.30861108E-3,.2131E-4,0
KUIPER-00078,2025-151K,2026-06-16T09:25:36.598944,14.79931076,.00005002,51.9000,219.1283,91.4550,268.6469,0,U,64825,999,4999,.30193221E-3,.2081E-4,0
KUIPER-00079,2025-151L,2026-06-16T10:06:27.811008,14.79932959,.0000483,51.8989,223.9669,92.4825,267.6193,0,U,64826,999,5112,.31867859E-3,.2209E-4,0
KUIPER-00080,2025-151M,2026-06-16T10:55:05.113920,14.79926901,.00004671,51.8994,223.8267,98.7050,261.3965,0,U,64827,999,4993,.15112848E-3,.931E-5,0
KUIPER-00082,2025-151N,2026-06-16T08:48:37.360512,14.79928092,.00004376,51.9002,211.7631,66.6107,293.4902,0,U,64828,999,5009,.28674784E-3,.1965E-4,0
KUIPER-00083,2025-151P,2026-06-16T10:14:14.461728,14.79933368,.00005246,51.8992,218.9850,95.1237,264.9786,0,U,64829,999,5118,.28397865E-3,.1944E-4,0
KUIPER-00084,2025-151Q,2026-06-16T11:35:57.073344,14.79929408,.00005217,51.9019,228.7190,112.8632,247.2386,0,U,64830,999,4986,.17057355E-3,.1079E-4,0
KUIPER-00085,2025-151R,2026-06-16T09:37:16.416480,14.79932276,.00005346,51.9025,211.6565,90.3786,269.7238,0,U,64831,999,5009,.99080692E-4,.534E-5,0
KUIPER-00086,2025-151S,2026-06-16T10:58:56.405856,14.79932095,.00004958,51.8996,221.3573,95.5315,264.5704,0,U,64832,999,4996,.29720589E-3,.2045E-4,0
KUIPER-00087,2025-151T,2026-06-16T09:48:53.296416,14.79944812,.00003979,51.8984,204.0391,80.1777,279.9230,0,U,64833,999,5019,.27234661E-3,.1856E-4,0
KUIPER-00089,2025-151U,2026-06-16T09:41:09.149568,14.79929806,.000053,51.8995,209.0819,90.6080,269.4943,0,U,64834,999,5013,.14292154E-3,.869E-5,0
KUIPER-00090,2025-151V,2026-06-16T08:15:32.485536,14.79939122,.00004336,51.8974,201.8568,81.7337,278.3674,0,U,64835,999,5022,.26315555E-3,.1786E-4,0
KUIPER-00091,2025-151W,2026-06-16T09:45:02.302560,14.79928320,.00004696,51.9006,206.5853,84.0236,276.0780,0,U,64836,999,5016,.1393785E-3,.841E-5,0
KUIPER-00092,2025-151X,2026-06-16T09:33:23.575392,14.79932264,.00004437,51.8997,214.1136,87.7637,272.3376,0,U,64837,999,5127,.31636963E-3,.2191E-4,0
KUIPER-00093,2025-151Y,2026-06-16T09:29:29.883264,14.79933095,.00004153,51.8989,216.6009,90.4221,269.6789,0,U,64838,999,5002,.30047138E-3,.207E-4,0
KUIPER-00094,2025-151Z,2026-06-16T05:47:36.570336,14.79773312,.0002805,51.9027,172.3609,24.0146,336.0947,0,U,64839,999,5063,.33873E-2,.25602E-3,0
KUIPER-00081,2025-171A,2026-06-16T10:48:48.549024,14.79929129,.00009278,51.9010,71.3534,105.0958,255.0107,0,U,65132,999,4766,.32660257E-3,.2269E-4,0
KUIPER-00088,2025-171B,2026-06-16T02:15:26.616384,14.79941188,.00008318,51.9010,90.4328,80.3866,279.7191,0,U,65133,999,4736,.4671115E-3,.3342E-4,0
KUIPER-00095,2025-171C,2026-06-16T10:52:44.310432,14.79929412,.00006604,51.8993,68.8966,95.9408,264.1629,0,U,65134,999,4769,.1709609E-3,.1082E-4,0
KUIPER-00096,2025-171D,2026-06-16T11:21:55.861344,14.79932454,.00007716,51.8997,81.2522,96.7283,263.3767,0,U,65135,999,4752,.12269005E-3,.714E-5,0
KUIPER-00097,2025-171E,2026-06-16T11:18:04.750848,14.79928640,.00007345,51.9024,83.9141,94.7968,265.3078,0,U,65136,999,4747,.13556157E-3,.812E-5,0
KUIPER-00098,2025-171F,2026-06-16T01:30:41.873760,14.79934289,.00007718,51.9008,88.0860,97.2337,262.8713,0,U,65137,999,4673,.18380153E-3,.118E-4,0
KUIPER-00099,2025-171G,2026-06-16T10:41:04.755552,14.79930207,.00009,51.9029,76.3968,102.6491,257.4572,0,U,65138,999,4758,.75813096E-4,.357E-5,0
KUIPER-00100,2025-171H,2026-06-16T11:33:33.631200,14.79936576,.00008328,51.9027,73.7081,101.1487,258.9569,0,U,65139,999,4762,.273411E-3,.1864E-4,0
KUIPER-00102,2025-171J,2026-06-16T11:29:41.110656,14.79938403,.00007089,51.8985,76.2143,103.0907,257.0135,0,U,65140,999,4758,.3353733E-3,.2337E-4,0
KUIPER-00103,2025-171K,2026-06-16T11:51:07.661088,14.79934997,.00008089,51.8978,93.6460,89.6163,270.4892,0,U,65141,999,4734,.27312393E-3,.1862E-4,0
KUIPER-00104,2025-171L,2026-06-16T00:49:50.227968,14.79936593,.00008141,51.9027,83.1690,92.5385,267.5670,0,U,65142,999,4745,.14136231E-3,.857E-5,0
KUIPER-00105,2025-171M,2026-06-16T01:26:50.877312,14.79927635,.00006684,51.9017,90.6610,96.9556,263.1483,0,U,65143,999,4735,.13519188E-3,.809E-5,0
KUIPER-00106,2025-171N,2026-06-16T14:00:01.000224,14.79706346,.00012112,51.9014,67.1038,99.5045,273.0306,0,U,65144,999,564,.54200069E-2,.41128E-3,0
KUIPER-00107,2025-171P,2026-06-16T00:16:34.812192,14.79945191,.00012624,51.9008,73.3077,109.0121,251.0978,0,U,65145,999,4759,-.1807446E-2,-.13976E-3,0
KUIPER-00108,2025-171Q,2026-06-16T12:06:40.831200,14.79931684,.00008701,51.9037,83.6702,89.2967,270.8096,0,U,65146,999,4749,.15218715E-3,.939E-5,0
KUIPER-00109,2025-171R,2026-06-16T01:42:21.694752,14.79928486,.00007526,51.9027,80.5287,98.7017,261.4031,0,U,65147,999,4749,.15721052E-3,.977E-5,0
KUIPER-00110,2025-171S,2026-06-16T11:55:01.086240,14.79936344,.00007037,51.9010,91.2115,97.4425,262.6617,0,U,65148,999,4737,-.42788278E-4,-.547E-5,0
KUIPER-00111,2025-171T,2026-06-16T12:35:49.211232,14.79956092,.0000986,51.8972,95.9706,95.6803,264.4272,0,U,65149,999,4731,.45794955E-3,.3273E-4,0
KUIPER-00112,2025-171U,2026-06-16T10:37:11.532576,14.79927212,.00010568,51.9027,78.9364,105.1255,254.9824,0,U,65150,999,4754,.96228063E-4,.512E-5,0
KUIPER-00114,2025-171V,2026-06-16T12:31:50.855232,14.79954796,.00004618,51.8979,98.5610,76.1417,283.9596,0,U,65151,999,4727,-.13271242E-3,-.1233E-4,0
KUIPER-00115,2025-171W,2026-06-16T12:43:38.186976,14.79927727,.00008648,51.8997,91.0219,96.7442,263.3619,0,U,65152,999,4738,.43760826E-4,.112E-5,0
KUIPER-00116,2025-171X,2026-06-16T11:47:16.522080,14.79936787,.00007138,51.9005,96.2318,85.9578,274.1466,0,U,65153,999,4730,.30430518E-3,.21E-4,0
KUIPER-00118,2025-171Y,2026-06-16T01:59:55.013568,14.79931137,.0000721,51.9001,100.4875,97.2408,262.8637,0,U,65154,999,4721,.16516546E-3,.1038E-4,0
KUIPER-00119,2025-171Z,2026-06-16T12:02:44.754432,14.79959593,.00008186,51.9015,86.2267,104.8491,255.2562,0,U,65155,999,4744,.46213578E-3,.3306E-4,0
KUIPER-00120,2025-217A,2026-06-16T04:45:50.698080,14.79931354,.00006745,51.9010,337.4529,75.5983,284.5054,0,U,65762,999,3932,.26895785E-3,.183E-4,0
KUIPER-00132,2025-217B,2026-06-16T10:23:35.795616,15.42625207,.00068301,51.8548,243.0154,320.9788,39.0707,0,U,65763,999,4065,.61709167E-3,.27001E-3,0
KUIPER-00133,2025-217C,2026-06-16T03:57:15.756480,14.79930957,.00005125,51.9041,337.6985,126.8411,233.2598,0,U,65764,999,3932,.13682366E-3,.822E-5,0
KUIPER-00139,2025-217D,2026-06-14T00:51:49.466880,14.76680311,.00015337,51.9001,314.5594,145.6179,214.4881,0,U,65765,999,3946,.90322996E-2,.64162E-3,0
KUIPER-00142,2025-217E,2026-06-16T03:35:48.640128,14.79929545,.0000656,51.9006,320.1946,108.9093,251.1941,0,U,65766,999,3956,.67817094E-4,.296E-5,0
KUIPER-00145,2025-217F,2026-06-16T03:31:55.531200,14.79934591,.00007086,51.9017,322.7264,106.4077,253.6963,0,U,65767,999,3952,.24042338E-3,.1612E-4,0
KUIPER-00147,2025-217G,2026-06-16T14:00:07.577856,14.79930815,.00006461,51.9000,323.2818,100.2632,259.8403,0,U,65768,999,3955,.10065605E-3,.546E-5,0
KUIPER-00148,2025-217H,2026-06-16T14:26:42.717984,14.76018252,.0000852,51.9060,304.9971,165.3101,194.7884,0,U,65769,999,3981,.35241139E-3,.2236E-4,0
KUIPER-00150,2025-217J,2026-06-16T04:01:08.211360,14.79931977,.00005159,51.9027,335.1482,110.6251,249.4767,0,U,65770,999,3935,.13181221E-3,.784E-5,0
KUIPER-00151,2025-217K,2026-06-16T04:12:46.989504,14.79934454,.00006679,51.9041,327.6111,110.2716,249.8318,0,U,65771,999,3946,.26643916E-3,.1811E-4,0
KUIPER-00152,2025-217L,2026-06-16T13:27:01.121760,14.79925516,.00005952,51.9018,313.3940,103.9674,256.1355,0,U,65772,999,3969,.92955173E-4,.487E-5,0
KUIPER-00153,2025-217M,2026-06-16T13:34:48.339264,14.79931597,.00006224,51.9029,308.4411,99.6187,260.4846,0,U,65773,999,3976,.45772945E-3,.327E-4,0
KUIPER-00155,2025-217N,2026-06-16T12:40:16.251168,14.79935992,.00004879,51.9037,281.0723,98.0644,262.0374,0,U,65774,999,4014,.40507328E-3,.2868E-4,0
KUIPER-00156,2025-217P,2026-06-16T14:23:26.208960,14.79933038,.00007022,51.9034,308.2731,108.7987,251.3052,0,U,65775,999,3976,.20460612E-3,.1339E-4,0
KUIPER-00163,2025-217R,2026-06-16T14:00:01.000224,15.89168202,.00066607,51.8879,268.7532,328.0765,123.4977,0,U,65777,999,450,.28789673E-3,.85009E-3,0
KUIPER-00165,2025-217S,2026-06-16T14:07:53.273856,14.79937805,.00006112,51.9032,318.2703,104.7153,255.3877,0,U,65778,999,3962,.45759291E-3,.3269E-4,0
KUIPER-00166,2025-217T,2026-06-16T15:15:56.403936,14.79930654,.00005179,51.9033,305.6057,117.8693,242.2322,0,U,65779,999,3980,.25486886E-3,.1722E-4,0
KUIPER-00167,2025-217U,2026-06-16T04:08:52.264032,14.79937277,.00005313,51.8971,330.0324,97.6122,262.4900,0,U,65780,999,3942,-.35763475E-3,-.2947E-4,0
KUIPER-00168,2025-217V,2026-06-16T14:19:32.097792,14.79935653,.00006233,51.9021,310.7395,109.2725,250.8305,0,U,65781,999,3973,.42077983E-3,.2988E-4,0
KUIPER-00169,2025-217W,2026-06-16T14:11:46.591008,14.79933877,.00006371,51.9021,315.7708,102.4780,257.6253,0,U,65782,999,3966,.44927133E-3,.3206E-4,0
KUIPER-00170,2025-217X,2026-06-16T14:03:59.460768,14.79932145,.00004503,51.9013,320.7591,113.4746,246.6264,0,U,65783,999,3959,.45950918E-3,.3284E-4,0
KUIPER-00172,2025-217Z,2026-06-16T15:19:48.985824,14.79941210,.00016752,51.9021,303.0557,48.6352,311.4754,0,U,65785,999,3984,.20643188E-3,.1353E-4,0
KUIPER-00173,2025-217AA,2026-06-16T13:23:08.997792,14.79936073,.0000534,51.9016,315.9180,101.5890,258.5133,0,U,65786,999,3965,.43440358E-3,.3092E-4,0
KUIPER-00174,2025-217AB,2026-06-16T13:30:54.855360,14.79919616,.00006789,51.9042,310.9366,104.4503,255.6534,0,U,65787,999,3972,.83609361E-4,.416E-5,0
KUIPER-00176,2025-217AC,2026-06-16T03:24:08.250624,14.79923633,.00007395,51.9009,327.7414,90.8321,269.2726,0,U,65788,999,3945,.53604798E-3,.3867E-4,0
KUIPER-00101,2025-228A,2026-06-16T15:02:14.161056,14.79932242,.00005898,51.8983,283.0617,95.8002,264.3028,0,U,65947,999,3788,.40600643E-3,.2875E-4,0
KUIPER-00113,2025-228B,2026-06-16T14:21:22.912704,14.79925725,.00005363,51.8998,278.2073,104.7145,255.3876,0,U,65948,999,3794,.10952425E-3,.614E-5,0
KUIPER-00117,2025-228C,2026-06-16T13:28:53.036544,14.79937550,.0000543,51.8993,280.8674,109.0089,251.0932,0,U,65949,999,3790,.42997226E-3,.3059E-4,0
KUIPER-00121,2025-228D,2026-06-16T14:25:16.399200,14.79927506,.00004984,51.9003,275.7049,97.5516,262.5503,0,U,65950,999,3798,.23724909E-3,.1588E-4,0
KUIPER-00122,2025-228E,2026-06-16T14:09:44.359200,14.79929986,.0000572,51.8994,285.7291,71.1721,288.9303,0,U,65951,999,3784,.23747945E-3,.159E-4,0
KUIPER-00123,2025-228F,2026-06-16T14:58:21.738144,14.79929607,.00004729,51.8997,285.5903,98.3710,261.7306,0,U,65952,999,3784,.94946175E-4,.503E-5,0
KUIPER-00124,2025-228G,2026-06-16T13:32:46.034880,14.79937514,.00005656,51.8998,278.3415,105.0114,255.0911,0,U,65953,999,3794,.44074954E-3,.3141E-4,0
KUIPER-00125,2025-228H,2026-06-16T10:41:35.404224,14.79926806,.0000808,51.9006,263.9088,101.8770,258.2283,0,U,65954,999,3813,.10932413E-3,.612E-5,0
KUIPER-00126,2025-228J,2026-06-16T14:13:38.123904,14.79931890,.00005891,51.9002,283.2459,104.3712,255.7316,0,U,65955,999,3787,.17195886E-3,.109E-4,0
KUIPER-00127,2025-228K,2026-06-16T14:00:57.702816,14.79933782,.00006496,51.9014,275.7509,98.8467,261.2569,0,U,65956,999,3798,.16983632E-3,.1074E-4,0
KUIPER-00128,2025-228L,2026-06-16T13:36:39.541248,14.79935356,.00005917,51.9017,275.8898,108.6992,251.4034,0,U,65957,999,3797,.41662367E-3,.2957E-4,0
KUIPER-00129,2025-228M,2026-06-16T12:55:48.438048,14.79924172,.00006544,51.9020,270.9986,103.2738,256.8297,0,U,65958,999,3804,.31022445E-4,.15E-6,0
KUIPER-00130,2025-228N,2026-06-16T12:03:18.176544,14.79925028,.00004929,51.9033,273.6871,99.9126,260.1892,0,U,65959,999,2829,.7775588E-4,.372E-5,0
KUIPER-00134,2025-228P,2026-06-16T08:29:57.006528,15.41206225,.00064978,51.8715,201.3850,312.5945,47.4495,0,U,65960,999,3899,.5516799E-3,.22952E-3,0
KUIPER-00135,2025-228Q,2026-06-16T14:29:10.519008,14.79938131,.0000549,51.9026,273.2947,100.1462,259.9563,0,U,65961,999,3801,.39574423E-3,.2797E-4,0
KUIPER-00136,2025-228R,2026-06-16T13:44:20.780736,14.79918731,.00004333,51.9013,270.8899,85.5788,274.5223,0,U,65962,999,3804,-.54060019E-3,-.4338E-4,0
KUIPER-00137,2025-228S,2026-06-16T13:48:19.093536,14.79932102,.00005876,51.9029,268.3669,95.5267,264.5763,0,U,65963,999,3808,.18219754E-3,.1168E-4,0
KUIPER-00138,2025-228T,2026-06-16T13:03:34.177248,14.79929689,.00005908,51.9000,265.9468,90.9561,269.1469,0,U,65964,999,3811,.22266108E-3,.1477E-4,0
KUIPER-00140,2025-228U,2026-06-16T12:59:41.740512,14.79926671,.00005177,51.8988,268.5450,91.3171,268.7850,0,U,65965,999,3807,.108662E-3,.607E-5,0
KUIPER-00141,2025-228V,2026-06-16T13:07:22.173024,14.79977474,.00007995,51.9030,263.5656,66.0023,294.1023,0,U,65966,999,3814,-.99466162E-3,-.7803E-4,0
KUIPER-00146,2025-228W,2026-06-16T13:52:12.268992,14.79929099,.00003655,51.9038,265.9385,97.3713,262.7291,0,U,65967,999,3811,.83114243E-4,.413E-5,0
KUIPER-00149,2025-228X,2026-06-16T13:11:18.613536,14.79934969,.0000326,51.9021,260.9515,62.3120,297.7875,0,U,65968,999,3818,-.59316287E-3,-.474E-4,0
KUIPER-00154,2025-228Y,2026-06-16T12:26:36.260736,14.79932230,.00005631,51.8998,258.5855,98.9473,261.1553,0,U,65969,999,3821,.14052096E-3,.85E-5,0
KUIPER-00157,2025-228Z,2026-06-16T12:22:44.356224,14.79931579,.0000443,51.9027,261.2299,96.5238,263.5775,0,U,65970,999,3817,.16817617E-3,.1061E-4,0
KUIPER-00144,2025-301A,2026-06-15T18:09:47.729088,14.79919112,.00013967,51.9035,341.9624,102.8280,257.2838,0,U,67133,999,2839,-.8975303E-3,-.7054E-4,0
KUIPER-00164,2025-301B,2026-06-16T05:00:37.147392,14.76575687,.0000664,51.9042,351.6942,194.8053,165.2889,0,U,67134,999,2847,.30017E-3,.19E-4,0
KUIPER-00175,2025-301C,2026-06-16T03:51:59.302656,14.92253824,.00008453,51.8964,336.7913,65.9078,294.1978,0,U,67135,999,2857,.40802324E-3,.3961E-4,0
KUIPER-00179,2025-301D,2026-06-15T19:31:37.200864,14.79930432,.00007435,51.8995,351.6904,104.4812,255.6233,0,U,67136,999,2844,.19927651E-3,.1298E-4,0
KUIPER-00181,2025-301E,2026-06-16T06:32:33.609408,14.80104265,.0000488,51.9020,2.1853,155.7474,204.3511,0,U,67137,999,2831,.1777E-2,.13408E-3,0
KUIPER-00183,2025-301F,2026-06-15T17:30:41.956128,14.92694141,.00096561,51.8960,339.5257,34.2286,325.9302,0,U,67138,999,2859,.37175411E-3,.3629E-4,0
KUIPER-00184,2025-301G,2026-06-16T04:34:16.480128,14.79950935,.00005944,51.9005,345.0255,89.7540,270.3490,0,U,67139,999,2866,.41322893E-3,.2932E-4,0
KUIPER-00186,2025-301H,2026-06-16T05:44:17.019168,14.79937001,.0000552,51.9038,2.3464,108.7368,251.3654,0,U,67140,999,2815,.31899E-3,.2212E-4,0
KUIPER-00187,2025-301J,2026-06-15T19:56:57.937632,14.79932540,.00005264,51.9053,6.6713,104.0148,256.0873,0,U,67141,999,2805,.20176582E-3,.1317E-4,0
KUIPER-00188,2025-301K,2026-06-16T04:05:01.350528,14.79937194,.00005,51.9024,332.7599,101.8573,258.2446,0,U,67142,999,2855,.27728888E-3,.1894E-4,0
KUIPER-00191,2025-301L,2026-06-15T17:42:42.891552,14.79927946,.00006539,51.9016,359.5786,77.9452,282.1584,0,U,67143,999,2817,.43087977E-3,.3065E-4,0
KUIPER-00196,2025-301M,2026-06-16T14:00:01.000224,14.84456887,.00059984,51.8993,311.7688,355.1068,26.5332,0,U,67144,999,502,-.39184437E-2,-.33384E-3,0
KUIPER-00204,2025-301N,2026-06-16T14:41:18.102912,14.79881668,.00005738,51.9028,328.1966,144.6868,215.4133,0,U,67145,999,2877,.40190444E-3,.284E-4,0
KUIPER-00210,2025-301P,2026-06-16T05:52:02.780832,14.79932158,.0000711,51.9010,357.2925,104.7493,255.3548,0,U,67146,999,2839,.40196E-3,.2844E-4,0
KUIPER-00221,2025-301Q,2026-06-16T06:29:02.084064,14.79933151,.0000763,51.9026,4.6997,104.5588,255.5459,0,U,67147,999,2812,.44176E-3,.3148E-4,0
KUIPER-00232,2025-301R,2026-06-15T17:05:46.342752,14.79935739,.00007546,51.9008,352.1959,111.9096,248.1946,0,U,67148,999,2824,.43081309E-3,.3065E-4,0
KUIPER-00241,2025-301S,2026-06-15T19:16:05.529792,14.79937245,.00007183,51.9046,1.7844,107.4896,252.6145,0,U,67149,999,2845,.46018649E-3,.3289E-4,0
KUIPER-00245,2025-301T,2026-06-16T06:25:08.671872,14.79935490,.0000645,51.9034,7.2423,106.4040,253.6993,0,U,67150,999,2808,.30367E-3,.2095E-4,0
KUIPER-00246,2025-301U,2026-06-16T05:59:49.653600,14.79935554,.0000716,51.9016,352.2780,106.7897,253.3144,0,U,67151,999,2831,.31181E-3,.2157E-4,0
KUIPER-00247,2025-301V,2026-06-16T04:38:05.984448,14.79931686,.00007444,51.8949,342.5117,99.8707,260.2340,0,U,67152,999,2842,.21597967E-3,.1426E-4,0
KUIPER-00248,2025-301W,2026-06-16T14:04:59.071584,14.76636855,.00018247,51.9005,323.0817,65.1902,294.9249,0,U,67153,999,2889,.3111929E-3,.198E-4,0
KUIPER-00249,2025-301X,2026-06-16T04:42:00.053280,14.79936155,.00006528,51.9008,340.0498,107.6817,252.4217,0,U,67154,999,2845,.36907078E-3,.2594E-4,0
KUIPER-00250,2025-301Y,2026-06-15T19:23:51.142848,14.79930246,.00006384,51.8993,356.7180,103.1765,256.9268,0,U,67155,999,2822,.10300899E-3,.564E-5,0
KUIPER-00251,2025-301Z,2026-06-16T05:26:41.302752,14.79949622,.000116,51.9003,342.4288,213.5386,146.5503,0,U,67156,999,2861,.39965E-3,.2828E-4,0
KUIPER-00252,2025-301AA,2026-06-16T05:22:51.157344,14.79930447,.0000531,51.9017,344.8944,95.7639,264.3383,0,U,67157,999,2839,.19217E-3,.1244E-4,0
KUIPER-00261,2025-301AB,2026-06-16T05:55:59.106432,14.79815085,.000164,51.9031,354.8421,83.1571,276.9578,0,U,67158,999,2825,.59742E-2,.45503E-3,0
KUIPER-00265,2025-301AC,2026-06-15T20:37:48.303840,14.79931955,.00004653,51.9042,11.5293,109.8600,250.2413,0,U,67159,999,2802,.1544887E-3,.957E-5,0
KUIPER-00159,2026-030A,2026-06-16T12:28:21.711072,15.38198114,.0007288,51.8844,101.5757,46.0975,314.0613,0,U,67764,999,2029,.76120915E-3,.28827E-3,0
KUIPER-00160,2026-030B,2026-06-16T12:28:06.312864,15.38596193,.00062186,51.8815,101.5271,52.7500,307.4054,0,U,67765,999,2029,.58682425E-3,.22401E-3,0
KUIPER-00177,2026-030C,2026-06-16T14:48:15.005376,14.79934401,.00006525,51.9004,135.6667,80.0005,280.1031,0,U,67766,999,1982,.31649066E-3,.2192E-4,0
KUIPER-00178,2026-030D,2026-06-16T04:10:14.979072,14.76500598,.00007242,51.8991,137.5668,43.8383,316.2636,0,U,67767,999,1976,.2460047E-3,.1515E-4,0
KUIPER-00180,2026-030E,2026-06-16T04:23:55.762656,14.79927626,.00007091,51.8991,132.5761,72.8130,287.2910,0,U,67768,999,1983,-.15946793E-4,-.343E-5,0
KUIPER-00197,2026-030F,2026-06-16T12:50:13.118784,14.76325498,.00021105,51.8992,110.9524,108.6924,251.4266,0,U,67769,999,2016,.294443E-3,.1847E-4,0
KUIPER-00198,2026-030G,2026-06-16T13:30:23.926752,14.79927484,.00007016,51.8982,123.3946,95.9848,264.1195,0,U,67770,999,1999,.37058991E-3,.2605E-4,0
KUIPER-00199,2026-030H,2026-06-16T12:31:45.340320,15.36326625,.00117314,51.8814,103.0119,53.5796,306.6271,0,U,67771,999,2027,.7477729E-3,.26658E-3,0
KUIPER-00200,2026-030J,2026-06-16T14:00:01.000224,15.08732305,.00053119,51.8902,109.7836,69.4229,355.6656,0,U,67772,999,447,-.13812471E-3,-.2484E-4,0
KUIPER-00203,2026-030K,2026-06-16T14:40:27.986592,14.79924333,.00007132,51.9050,140.7200,64.9003,295.2034,0,U,67773,999,1975,.17403019E-3,.1106E-4,0
KUIPER-00205,2026-030L,2026-06-16T14:00:01.000224,14.88456185,.00024705,51.8993,105.8733,18.8348,296.1093,0,U,67774,999,375,-.40427528E-2,-.37931E-3,0
KUIPER-00208,2026-030M,2026-06-15T03:53:24.190656,14.76447514,.00077467,51.8970,138.8427,29.2869,330.8524,0,U,67775,999,1965,.25385095E-3,.1567E-4,0
KUIPER-00209,2026-030N,2026-06-16T05:12:31.251168,14.79937001,.0000473,51.9010,132.5154,42.7317,317.3682,0,U,67776,999,1983,.14007E-3,.847E-5,0
KUIPER-00213,2026-030P,2026-06-16T12:34:02.403552,14.79936569,.00009492,51.8951,128.6494,79.9211,280.1859,0,U,67777,999,1991,.35381081E-3,.2477E-4,0
KUIPER-00214,2026-030Q,2026-06-16T03:43:05.612448,14.79931922,.00007621,51.8988,127.7783,75.6753,284.4294,0,U,67778,999,1989,.11097758E-3,.625E-5,0
KUIPER-00215,2026-030R,2026-06-16T13:00:45.813024,14.76428378,.00006922,51.8986,112.7623,38.3111,321.7898,0,U,67779,999,2014,.29203467E-3,.1835E-4,0
KUIPER-00218,2026-030S,2026-06-16T14:00:01.000224,14.80006033,.00010455,51.8968,128.2962,108.9016,30.4767,0,U,67780,999,542,-.4867006E-2,-.37184E-3,0
KUIPER-00220,2026-030T,2026-06-16T13:01:20.523360,15.10353137,.00111955,51.8921,106.0159,51.1477,309.0496,0,U,67781,999,2023,-.2338572E-2,-.38979E-3,0
KUIPER-00222,2026-030U,2026-06-16T14:19:02.949888,14.79945419,.00006773,51.8978,123.3937,54.1054,305.9971,0,U,67782,999,1999,.38800096E-3,.2739E-4,0
KUIPER-00223,2026-030V,2026-06-16T13:42:09.344736,14.79935583,.00010513,51.9013,115.7936,90.4378,269.6705,0,U,67783,999,2010,.3951578E-3,.2793E-4,0
KUIPER-00225,2026-030W,2026-06-16T02:13:35.810976,14.79842134,.00010957,51.8985,123.0781,98.4889,261.6198,0,U,67784,999,1995,.37147984E-3,.2606E-4,0
KUIPER-00226,2026-030X,2026-06-16T02:17:15.921888,15.22977244,.00191618,51.8795,111.9511,57.4677,302.8152,0,U,67785,999,2011,.37942817E-3,.8751E-4,0
KUIPER-00259,2026-030Y,2026-06-16T14:22:39.851904,14.79919711,.0000404,51.9007,120.7414,307.8677,52.2249,0,U,67786,999,2003,-.13977817E-2,-.10856E-3,0
KUIPER-00260,2026-030Z,2026-06-16T14:00:01.000224,14.79970446,.00010913,51.9014,118.4010,95.2449,166.1462,0,U,67787,999,555,-.12589894E-2,-.9814E-4,0
KUIPER-00262,2026-030AA,2026-06-16T13:37:35.982912,14.80018077,.00005175,51.9007,118.3848,78.5594,281.5426,0,U,67788,999,2006,.38814388E-3,.2745E-4,0
KUIPER-00266,2026-030AB,2026-06-16T03:09:47.526048,14.79960348,.00043207,51.8999,117.8147,89.6207,270.5250,0,U,67789,999,2003,.28617913E-3,.1962E-4,0
KUIPER-00268,2026-030AC,2026-06-16T13:45:58.309920,14.79965534,.00010834,51.9043,113.3653,100.1471,259.9614,0,U,67790,999,2013,.41304182E-3,.2931E-4,0
KUIPER-00270,2026-030AD,2026-06-16T14:00:01.000224,15.04822985,.00109282,51.8939,104.4843,39.7780,210.8911,0,U,67791,999,421,-.65157906E-3,-.9591E-4,0
KUIPER-00274,2026-030AE,2026-06-16T14:15:17.838144,14.79984919,.00016768,51.9008,125.7615,140.6556,219.4529,0,U,67792,999,1996,.13052278E-2,.9756E-4,0
KUIPER-00275,2026-030AF,2026-06-16T14:00:01.000224,14.91277809,.00099697,51.8973,106.1045,48.5887,5.7555,0,U,67793,999,483,-.21265645E-2,-.21589E-3,0
KUIPER-00276,2026-030AG,2026-06-16T14:00:01.000224,14.95240372,.00181417,51.8946,111.2487,29.5428,116.0310,0,U,67794,999,586,-.12781048E-2,-.14488E-3,0
KUIPER-00279,2026-030AH,2026-06-16T14:00:01.000224,15.17126692,.00094613,51.8866,102.9019,43.1852,177.2638,0,U,67795,999,568,.35994055E-3,.6927E-4,0
KUIPER-00131,2026-072A,2026-06-16T06:42:12.188736,14.79927009,.0000436,51.9006,199.6636,89.5305,270.5708,0,U,68573,999,1098,.30901E-3,.2135E-4,0
KUIPER-00189,2026-072B,2026-06-16T14:00:01.000224,14.79944059,.00008531,51.8962,200.8074,102.0768,274.1968,0,U,68574,999,572,.30746923E-2,.23306E-3,0
KUIPER-00192,2026-072C,2026-06-16T08:23:18.350016,14.79934282,.00004738,51.8990,196.8521,80.4355,279.6661,0,U,68575,999,1103,.25875417E-3,.1752E-4,0
KUIPER-00193,2026-072D,2026-06-16T14:00:01.000224,14.84367928,.00022411,51.9000,185.3040,24.6467,351.2742,0,U,68576,999,435,.80320414E-4,.451E-5,0
KUIPER-00194,2026-072E,2026-06-16T09:15:50.764608,14.79855298,.00003243,51.9007,194.1984,343.6177,16.4775,0,U,68577,999,1107,.26805845E-3,.1819E-4,0
KUIPER-00229,2026-072F,2026-06-16T14:00:01.000224,14.79875890,.0000506,51.8984,198.3141,94.7044,266.6603,0,U,68578,999,539,.31313599E-2,.23702E-3,0
KUIPER-00230,2026-072G,2026-06-16T08:16:02.422272,15.37913702,.00032532,51.8742,180.7962,23.9481,336.1656,0,U,68579,999,1125,.59614466E-3,.22248E-3,0
KUIPER-00231,2026-072H,2026-06-16T08:09:42.797952,15.37843030,.00036557,51.8728,180.7618,30.5863,329.5336,0,U,68580,999,1125,.56792949E-3,.21124E-3,0
KUIPER-00234,2026-072J,2026-06-16T08:29:25.562976,14.76534966,.00013816,51.8992,193.6468,167.7629,192.3365,0,U,68581,999,1107,.24564722E-3,.1514E-4,0
KUIPER-00236,2026-072K,2026-06-15T18:32:34.212480,15.37485827,.0003808,51.8750,183.7153,11.7417,348.3658,0,U,68582,999,1116,.52247314E-3,.19171E-3,0
KUIPER-00244,2026-072L,2026-06-16T14:00:01.000224,14.87154467,.00015816,51.8980,183.3678,20.9536,227.3533,0,U,68583,999,494,-.3773731E-2,-.34325E-3,0
KUIPER-00253,2026-072M,2026-06-16T14:00:01.000224,14.82601116,.00078305,51.9010,185.8561,72.0533,202.2727,0,U,68584,999,586,-.56582975E-2,-.45925E-3,0
KUIPER-00254,2026-072N,2026-06-16T14:00:01.000224,14.79908193,.00017158,51.9003,188.3271,32.8422,90.4146,0,U,68585,999,562,.1855553E-2,.13945E-3,0
KUIPER-00263,2026-072P,2026-06-16T14:00:01.000224,15.35318186,.00020968,51.8746,179.5539,10.2420,269.3718,0,U,68586,999,551,-.23455409E-1,-.751609E-2,0
KUIPER-00269,2026-072Q,2026-06-16T14:00:01.000224,15.27959657,.00050095,51.8771,179.8187,20.2308,139.2124,0,U,68587,999,545,.51381698E-3,.13895E-3,0
KUIPER-00272,2026-072R,2026-06-16T09:11:59.750880,14.79940869,.00008701,51.8967,196.6973,53.2741,306.8301,0,U,68588,999,1103,.25501397E-3,.1724E-4,0
KUIPER-00285,2026-072S,2026-06-16T14:00:01.000224,15.24663814,.00074658,51.8799,179.8931,23.2203,62.2832,0,U,68589,999,585,.20056849E-2,.50274E-3,0
KUIPER-00286,2026-072T,2026-06-16T08:08:50.703072,15.37336602,.00054256,51.8718,180.7501,4.4975,355.6059,0,U,68590,999,1125,.36952207E-3,.13369E-3,0
KUIPER-00289,2026-072U,2026-06-16T14:00:01.000224,15.03876426,.00133844,51.8839,182.1464,43.6509,311.1153,0,U,68591,999,508,-.99411076E-3,-.14128E-3,0
KUIPER-00290,2026-072V,2026-06-16T14:00:01.000224,15.11804174,.00122687,51.8811,181.9616,28.6550,153.9312,0,U,68592,999,130,.45033423E-3,.7504E-4,0
KUIPER-00293,2026-072W,2026-06-16T07:42:25.225920,14.79931849,.00027788,51.8979,191.9730,51.9907,308.1306,0,U,68593,999,1109,-.86228278E-3,-.6789E-4,0
KUIPER-00294,2026-072X,2026-06-16T14:00:01.000224,15.18187483,.0011253,51.8771,181.0206,23.2616,259.8157,0,U,68594,999,472,.11918862E-3,.215E-4,0
KUIPER-00296,2026-072Y,2026-06-16T07:22:17.546592,15.38244095,.001018,51.8687,181.2564,22.8726,337.2713,0,U,68595,999,1124,.74156E-3,.28135E-3,0
KUIPER-00297,2026-072Z,2026-06-16T07:55:42.427488,14.76433063,.00014513,51.8998,190.9706,108.5455,251.5663,0,U,68596,999,1111,.23742854E-3,.1452E-4,0
KUIPER-00300,2026-072AA,2026-06-16T14:00:01.000224,14.76416994,.00017024,51.8997,186.9310,69.6901,227.7192,0,U,68597,999,549,.11863336E-2,.8118E-4,0
KUIPER-00301,2026-072AB,2026-06-16T07:24:49.924224,15.38184378,.0010381,51.8638,181.2320,22.7575,337.3870,0,U,68598,999,1124,.54276E-3,.20425E-3,0
KUIPER-00304,2026-072AC,2026-06-16T07:39:01.237248,15.37936758,.00116624,51.8623,181.3073,22.1201,338.0287,0,U,68599,999,1124,.75387665E-3,.28337E-3,0
KUIPER-00317,2026-072AD,2026-06-16T14:00:01.000224,15.14516523,.00110444,51.8814,180.8751,24.7219,264.1912,0,U,68600,999,176,.42798599E-2,.8052E-3,0
KUIPER-00320,2026-072AE,2026-06-16T14:00:01.000224,14.93253017,.00110426,51.8918,183.7771,24.3032,218.4338,0,U,68601,999,506,-.24152931E-2,-.2572E-3,0
KUIPER-00299,2026-095A,2026-06-16T14:00:01.000224,14.82255865,.00028069,51.8990,251.2741,313.2278,337.2003,0,U,68864,999,552,-.25102041E-2,-.20396E-3,0
KUIPER-00353,2026-095B,2026-06-16T11:29:54.240864,15.37493216,.00016904,51.8843,245.5747,345.3412,14.7525,0,U,68865,999,762,.54014753E-3,.19837E-3,0
KUIPER-00357,2026-095C,2026-06-16T14:00:01.000224,15.05072097,.00041716,51.8913,247.0527,31.0321,318.2238,0,U,68866,999,522,-.16673202E-3,-.2677E-4,0
KUIPER-00364,2026-095D,2026-06-16T14:00:01.000224,14.95012854,.00024557,51.8954,248.4976,355.9849,10.0299,0,U,68867,999,476,-.26905667E-3,-.3227E-4,0
KUIPER-00375,2026-095E,2026-06-16T14:00:01.000224,15.30061867,.00018743,51.8865,245.1994,341.3956,178.9060,0,U,68868,999,542,.12359178E-2,.363E-3,0
KUIPER-00433,2026-095F,2026-06-16T14:00:01.000224,14.79868369,.00008314,51.9000,255.8263,69.2529,262.9122,0,U,68869,999,581,.37778597E-3,.2656E-4,0
KUIPER-00437,2026-095G,2026-06-16T12:11:01.608000,15.37924734,.00076413,51.8783,245.7439,310.4346,49.5974,0,U,68870,999,762,.50789445E-3,.18906E-3,0
KUIPER-00448,2026-095H,2026-06-16T14:00:01.000224,15.18268430,.00028253,51.8912,246.2596,343.0129,328.0188,0,U,68871,999,455,.72489075E-3,.1476E-3,0
KUIPER-00459,2026-095J,2026-06-16T10:17:58.978176,15.34757051,.00103295,51.8708,246.6722,310.1324,49.8756,0,U,68872,999,760,.5656983E-3,.19046E-3,0
KUIPER-00468,2026-095K,2026-06-16T10:16:44.723424,15.37688578,.00038839,51.8823,245.9799,288.6931,71.3634,0,U,68873,999,761,.56669515E-3,.20971E-3,0
KUIPER-00476,2026-095L,2026-06-16T11:33:25.354080,15.35679342,.00085044,51.8756,246.2907,308.4895,51.5328,0,U,68874,999,761,.63534014E-3,.22085E-3,0
KUIPER-00478,2026-095M,2026-06-16T12:22:54.268032,15.37788003,.00079879,51.8767,245.7931,315.1544,44.8797,0,U,68875,999,762,.48071649E-3,.17792E-3,0
KUIPER-00480,2026-095N,2026-06-16T12:01:28.221312,15.38133701,.00064531,51.8758,245.6947,303.3348,56.7021,0,U,68876,999,762,.55194933E-3,.20723E-3,0
KUIPER-00482,2026-095P,2026-06-16T14:00:01.000224,15.22683924,.00020185,51.8877,245.6926,27.4912,257.4550,0,U,68877,999,564,.97605618E-3,.22789E-3,0
KUIPER-00483,2026-095Q,2026-06-16T12:51:24.153408,14.76609899,.000232,51.8989,255.1266,138.5750,221.5387,0,U,68878,999,749,.22721903E-3,.1386E-4,0
KUIPER-00488,2026-095R,2026-06-16T13:19:28.920576,15.35535848,.00084434,51.8672,245.9998,307.4746,52.5471,0,U,68879,999,762,-.14034853E-2,-.49346E-3,0
KUIPER-00489,2026-095S,2026-06-16T11:31:58.049472,15.35432505,.00098905,51.8756,246.2888,312.2934,47.7213,0,U,68880,999,761,.194972E-3,.6443E-4,0
KUIPER-00499,2026-095T,2026-06-16T10:24:50.027040,15.34778414,.00076576,51.8690,246.6944,309.8895,50.1416,0,U,68881,999,760,.52515612E-3,.1765E-3,0
KUIPER-00500,2026-095U,2026-06-16T11:45:32.086944,14.79968569,.00013289,51.8993,253.7356,227.0709,133.0142,0,U,68882,999,751,-.18643238E-2,-.14415E-3,0
KUIPER-00502,2026-095V,2026-06-16T11:51:19.979136,15.38296513,.00066981,51.8794,245.6623,312.2593,47.7826,0,U,68883,999,762,.52501824E-3,.19797E-3,0
KUIPER-00503,2026-095W,2026-06-16T14:00:01.000224,14.83385979,.00042064,51.8979,250.8778,328.5210,307.7665,0,U,68884,999,546,.137942E-2,.11215E-3,0
KUIPER-00504,2026-095X,2026-06-16T14:00:01.000224,14.79911894,.00005271,51.9012,258.3243,95.2717,71.1291,0,U,68885,999,544,.14724827E-3,.901E-5,0
KUIPER-00505,2026-095Y,2026-06-16T14:00:01.000224,14.90363059,.0002851,51.9000,248.5678,19.4638,161.3297,0,U,68886,999,491,-.18818382E-2,-.18692E-3,0
KUIPER-00507,2026-095Z,2026-06-16T11:27:25.758144,15.37995793,.00017519,51.8854,245.5670,66.7498,293.3674,0,U,68887,999,762,.44417186E-3,.16507E-3,0
KUIPER-00511,2026-095AA,2026-06-16T12:04:56.838432,15.37984161,.00060254,51.8777,245.7153,308.5598,51.4849,0,U,68888,999,762,.67735952E-3,.25411E-3,0
KUIPER-00512,2026-095AB,2026-06-16T14:00:01.000224,14.83521302,.00023041,51.9001,250.8783,4.0211,93.3879,0,U,68889,999,568,-.47658232E-2,-.39598E-3,0
KUIPER-00519,2026-095AC,2026-06-16T14:00:01.000224,15.28899651,.00004408,51.8856,245.2833,52.8741,42.1491,0,U,68890,999,507,.10882615E-2,.30766E-3,0
KUIPER-00521,2026-095AD,2026-06-16T09:41:02.690304,15.38665355,.00004745,51.8847,245.8182,333.7070,26.3893,0,U,68891,999,761,.5018817E-3,.19128E-3,0
KUIPER-00524,2026-095AE,2026-06-16T14:00:01.000224,15.21172879,.00017397,51.8901,245.7092,34.3355,191.6267,0,U,68892,999,439,.99660879E-3,.22252E-3,0
KUIPER-00370,2026-098A,2026-06-16T10:42:22.714272,15.28120150,.0014177,51.8753,72.7348,151.0369,209.1404,0,U,68919,999,721,.43275745E-3,.11728E-3,0
KUIPER-00380,2026-098B,2026-06-16T10:22:40.511712,15.31552077,.00079572,51.8751,71.9259,135.6863,224.4760,0,U,68920,999,722,-.14820061E-2,-.45957E-3,0
KUIPER-00386,2026-098C,2026-06-16T00:52:54.566688,15.36061779,.00027853,51.8740,73.0409,167.3808,192.7248,0,U,68921,999,717,.71654607E-3,.25257E-3,0
KUIPER-00388,2026-098D,2026-06-16T00:12:52.666560,15.27740394,.00214073,51.8764,75.0561,139.3399,220.9186,0,U,68922,999,714,.59223511E-3,.16061E-3,0
KUIPER-00405,2026-098E,2026-06-16T00:24:22.937760,15.29708332,.00135861,51.8780,74.3898,151.8917,208.2802,0,U,68923,999,715,.89513646E-3,.25932E-3,0
KUIPER-00408,2026-098F,2026-06-16T10:40:49.130976,15.27835810,.00155994,51.8771,72.7455,148.5587,211.6331,0,U,68924,999,721,.3770428E-3,.10085E-3,0
KUIPER-00409,2026-098G,2026-06-16T00:31:45.768864,15.32218794,.00077977,51.8772,73.6919,147.3157,212.8311,0,U,68925,999,716,.72009392E-3,.22448E-3,0
KUIPER-00410,2026-098H,2026-06-16T10:37:18.159456,15.28094785,.00142016,51.8756,72.7224,146.9043,213.2831,0,U,68926,999,721,.35893992E-3,.9655E-4,0
KUIPER-00412,2026-098J,2026-06-16T00:23:25.106784,15.36885861,.00022221,51.8793,72.9297,184.0793,176.0176,0,U,68927,999,717,.64133263E-3,.23172E-3,0
KUIPER-00413,2026-098K,2026-06-16T00:16:44.642784,15.28241772,.00254095,51.8774,75.0699,155.4187,204.8013,0,U,68928,999,714,.45181161E-3,.12385E-3,0
KUIPER-00414,2026-098L,2026-06-16T14:00:01.000224,14.97613171,.00201375,51.8950,74.1238,140.1506,259.9133,0,U,68929,999,561,.22069404E-2,.26017E-3,0
KUIPER-00415,2026-098M,2026-06-16T10:32:40.513920,15.31517188,.00114438,51.8789,71.9883,134.7806,225.4111,0,U,68930,999,722,.47802354E-3,.14448E-3,0
KUIPER-00416,2026-098N,2026-06-16T00:13:38.890560,15.37130429,.00009237,51.8759,72.8726,175.7320,184.3674,0,U,68931,999,717,.68759797E-3,.25077E-3,0
KUIPER-00420,2026-098P,2026-06-16T10:17:42.512064,15.36000851,.00032338,51.8781,71.1842,159.5081,200.6036,0,U,68932,999,723,.57479286E-3,.20131E-3,0
KUIPER-00421,2026-098Q,2026-06-16T00:32:41.381952,15.31617712,.00094468,51.8775,73.6988,126.0886,234.0974,0,U,68933,999,716,.7886381E-3,.24172E-3,0
KUIPER-00425,2026-098R,2026-06-16T10:41:08.820672,15.28045503,.00175625,51.8758,72.7338,145.8004,214.4114,0,U,68934,999,721,-.10144298E-2,-.28533E-3,0
KUIPER-00430,2026-098S,2026-06-15T11:19:06.645216,15.28474399,.00204976,51.8797,77.4702,142.4661,217.7758,0,U,68935,999,706,-.98910654E-3,-.28246E-3,0
KUIPER-00431,2026-098T,2026-06-16T00:14:48.239520,15.27998139,.00179276,51.8778,75.0643,141.5228,218.7037,0,U,68936,999,714,.46031012E-3,.12472E-3,0
KUIPER-00432,2026-098U,2026-06-16T00:14:10.338432,15.29260467,.00135771,51.8775,74.3357,142.0372,218.1571,0,U,68937,999,715,.67375067E-3,.1914E-3,0
KUIPER-00434,2026-098V,2026-06-16T14:00:01.000224,15.32543796,.00076159,51.8749,70.8412,132.6980,155.8998,0,U,68938,999,431,.16839051E-2,.5376E-3,0
KUIPER-00436,2026-098W,2026-06-16T14:00:01.000224,15.31366632,.00110408,51.8747,71.2718,147.7399,291.6905,0,U,68939,999,521,.16089606E-2,.49503E-3,0
KUIPER-00438,2026-098X,2026-06-16T04:59:18.492288,15.32896326,.00051992,51.8762,72.6824,152.0835,208.0430,0,U,68940,999,719,.806304E-3,.25727E-3,0
KUIPER-00439,2026-098Y,2026-06-16T10:16:14.597472,15.32388407,.00063001,51.8775,71.9109,148.8888,211.2471,0,U,68941,999,722,.5354217E-3,.16668E-3,0
KUIPER-00440,2026-098Z,2026-06-16T00:08:51.987264,15.33187702,.0003635,51.8792,73.5964,157.9313,202.1829,0,U,68942,999,716,-.55026424E-3,-.18243E-3,0
KUIPER-00442,2026-098AA,2026-06-16T00:08:10.072896,15.34490002,.00060697,51.8817,73.5967,139.1549,220.9893,0,U,68943,999,716,.67111484E-3,.2246E-3,0
KUIPER-00446,2026-098AB,2026-06-16T00:07:28.860960,15.34471168,.00064538,51.8765,73.5753,138.9277,221.2195,0,U,68944,999,716,.52270408E-3,.17388E-3,0
KUIPER-00451,2026-098AC,2026-06-16T14:00:01.000224,15.27510567,.00128932,51.8798,72.1823,137.9233,219.5079,0,U,68945,999,557,.18378379E-2,.50265E-3,0
KUIPER-00452,2026-098AD,2026-06-16T10:11:48.679872,15.35986371,.00040018,51.8747,71.1503,133.2077,226.9244,0,U,68946,999,723,-.36849651E-3,-.13477E-3,0
KUIPER-00453,2026-098AE,2026-06-16T00:22:36.328800,15.36911668,.00028595,51.8761,72.9138,171.6479,188.4556,0,U,68947,999,717,.66187615E-3,.2395E-3,0
KUIPER-00454,2026-098AF,2026-06-16T00:42:39.120480,15.26057104,.00164815,51.8773,75.2020,133.4801,226.7554,0,U,68948,999,714,.53495224E-3,.13699E-3,0
KUIPER-00455,2026-098AG,2026-06-16T00:19:39.472320,15.28076569,.00201302,51.8781,75.0884,142.9322,217.3056,0,U,68949,999,714,.48056791E-3,.13085E-3,0
KUIPER-00458,2026-098AH,2026-06-16T13:13:05.998368,15.36116059,.00038285,51.8769,70.5041,157.1995,202.9162,0,U,68950,999,725,.6049107E-3,.2129E-3,0
KUIPER-00282,2026-118A,2026-06-16T07:26:47.162976,15.34385102,.00116198,51.8588,57.7906,178.2924,181.8103,0,U,69267,999,384,-.13228607E-2,-.4494E-3,0
KUIPER-00383,2026-118B,2026-06-16T13:37:40.670976,15.34467770,.0010222,51.8599,56.5178,179.9329,180.1659,0,U,69268,999,388,.69863357E-3,.23407E-3,0
KUIPER-00527,2026-118C,2026-06-16T13:31:13.052928,15.34901818,.00100534,51.8624,56.4910,175.7304,184.3769,0,U,69269,999,388,.21849311E-4,.366E-5,0
KUIPER-00562,2026-118D,2026-06-16T12:45:43.941312,15.38616918,.00018328,51.8730,56.2855,110.6074,249.5110,0,U,69270,999,388,.56698528E-3,.21633E-3,0
KUIPER-00570,2026-118E,2026-06-16T13:34:27.218784,15.34596796,.00118541,51.8580,56.5004,182.3303,177.7630,0,U,69271,999,388,.15748328E-3,.4989E-4,0
KUIPER-00572,2026-118F,2026-06-16T13:12:29.462400,15.37010181,.00071036,51.8682,56.4119,168.5919,191.5230,0,U,69272,999,388,.61766902E-3,.22405E-3,0
KUIPER-00581,2026-118G,2026-06-16T13:17:56.286816,15.36635884,.00088796,51.8666,56.4346,172.8362,187.2753,0,U,69273,999,397,.52198584E-3,.18641E-3,0
KUIPER-00584,2026-118H,2026-06-16T13:37:36.896160,15.34531913,.00122778,51.8605,56.5135,184.0482,176.0406,0,U,69274,999,388,.23000847E-3,.7452E-4,0
KUIPER-00587,2026-118J,2026-06-16T13:17:02.044032,15.36682292,.00081439,51.8638,56.4288,175.8695,184.2360,0,U,69275,999,388,.6266402E-3,.22499E-3,0
KUIPER-00590,2026-118K,2026-06-16T12:57:52.579296,15.37907758,.00041044,51.8700,56.3467,155.4183,204.7001,0,U,69276,999,388,.58262905E-3,.2173E-3,0
KUIPER-00592,2026-118L,2026-06-16T12:54:21.447072,15.38083211,.0003713,51.8718,56.3299,132.0611,228.0692,0,U,69277,999,388,.51638543E-3,.19319E-3,0
KUIPER-00593,2026-118M,2026-06-16T12:55:21.843264,15.38044177,.00036689,51.8726,56.3336,149.9323,210.1875,0,U,69278,999,394,.49260671E-3,.18385E-3,0
KUIPER-00594,2026-118N,2026-06-16T12:44:04.212384,15.38652904,.00010635,51.8725,56.2815,81.8177,278.2931,0,U,69279,999,388,.46680451E-3,.17753E-3,0
KUIPER-00595,2026-118P,2026-06-16T12:47:09.370176,15.38566125,.00018557,51.8717,56.2970,132.4983,227.6161,0,U,69280,999,391,.74007568E-3,.28336E-3,0
KUIPER-00596,2026-118Q,2026-06-16T07:20:26.883744,15.34673558,.00126317,51.8553,57.7567,181.5807,178.5140,0,U,69281,999,384,.53664355E-3,.18011E-3,0
KUIPER-00597,2026-118R,2026-06-16T13:10:05.828448,15.37022736,.00070766,51.8661,56.3995,169.5810,190.5325,0,U,69282,999,388,.48936884E-3,.17665E-3,0
KUIPER-00599,2026-118S,2026-06-16T13:06:07.125984,15.37382458,.00061646,51.8702,56.3837,161.7512,198.3697,0,U,69283,999,388,.52838337E-3,.19333E-3,0
KUIPER-00600,2026-118T,2026-06-16T13:15:59.630400,15.36729077,.00088931,51.8654,56.4251,172.1234,187.9894,0,U,69284,999,388,.59604996E-3,.21415E-3,0
KUIPER-00601,2026-118U,2026-06-16T13:01:19.263648,15.37653718,.00046644,51.8720,56.3621,151.5427,208.5815,0,U,69285,999,388,.51421209E-3,.18967E-3,0
KUIPER-00602,2026-118V,2026-06-16T12:53:09.960576,15.38173432,.00029659,51.8713,56.3252,143.2418,216.8773,0,U,69286,999,388,.48301086E-3,.18095E-3,0
KUIPER-00603,2026-118W,2026-06-16T13:03:07.799328,15.37569198,.00054591,51.8683,56.3702,157.5735,202.5491,0,U,69287,999,388,.58735551E-3,.21671E-3,0
KUIPER-00605,2026-118X,2026-06-16T13:11:03.173856,15.37043033,.00074907,51.8674,56.4037,165.0538,195.0672,0,U,69288,999,388,.56831702E-3,.20602E-3,0
KUIPER-00606,2026-118Y,2026-06-16T12:59:29.145120,15.37692113,.00047135,51.8706,56.3541,150.4659,209.6595,0,U,69289,999,388,.25764087E-3,.9306E-4,0
KUIPER-00607,2026-118Z,2026-06-16T13:04:44.393664,15.37445927,.00059706,51.8697,56.3781,160.3718,199.7499,0,U,69290,999,388,.78043904E-3,.28838E-3,0
KUIPER-00608,2026-118AA,2026-06-16T13:27:07.522272,15.35249887,.00084462,51.8611,56.4709,175.0232,185.0839,0,U,69291,999,388,.56499671E-3,.19319E-3,0
KUIPER-00610,2026-118AB,2026-06-16T12:50:13.140384,15.38381424,.00027145,51.8730,56.3085,134.4722,225.6488,0,U,69292,999,388,.49164133E-3,.18553E-3,0
KUIPER-00613,2026-118AC,2026-06-16T13:33:39.618432,15.34992005,.00101958,51.8635,56.5021,180.9382,179.1586,0,U,69293,999,388,.43097155E-3,.14519E-3,0
KUIPER-00618,2026-118AD,2026-06-16T12:44:46.646880,15.38635177,.00018035,51.8726,56.2833,88.4923,271.6271,0,U,69294,999,388,.55580377E-3,.2121E-3,0
KUIPER-00620,2026-118AE,2026-06-16T12:49:24.779712,15.38301201,.00029862,51.8724,56.3063,116.6214,243.5079,0,U,69295,999,388,.58150956E-3,.21969E-3,0
